<?xml version="1.0" encoding="UTF-8"?>

<channel name="thunar" version="1.0">
  <property name="last-view" type="string" value="ThunarIconView"/>
  <property name="last-icon-view-zoom-level" type="string" value="THUNAR_ZOOM_LEVEL_100_PERCENT"/>
  <property name="misc-single-click" type="bool" value="false"/>
  <property name="shortcuts-icon-size" type="string" value="THUNAR_ICON_SIZE_16"/>
  <property name="misc-exec-shell-scripts-by-default" type="bool" value="true"/>
  <property name="misc-file-size-binary" type="bool" value="false"/>
  <property name="last-location-bar" type="string" value="ThunarLocationButtons"/>
  <property name="last-menubar-visible" type="bool" value="true"/>
  <property name="last-window-width" type="int" value="652"/>
  <property name="last-window-height" type="int" value="399"/>
  <property name="last-window-maximized" type="bool" value="false"/>
  <property name="last-separator-position" type="int" value="148"/>
  <property name="last-sort-column" type="string" value="THUNAR_COLUMN_NAME"/>
  <property name="last-sort-order" type="string" value="GTK_SORT_ASCENDING"/>
  <property name="misc-recursive-permissions" type="string" value="THUNAR_RECURSIVE_PERMISSIONS_ALWAYS"/>
  <property name="last-details-view-zoom-level" type="string" value="THUNAR_ZOOM_LEVEL_38_PERCENT"/>
  <property name="last-details-view-visible-columns" type="string" value="THUNAR_COLUMN_DATE_MODIFIED,THUNAR_COLUMN_NAME,THUNAR_COLUMN_SIZE,THUNAR_COLUMN_TYPE"/>
  <property name="last-details-view-column-widths" type="string" value="50,50,121,50,50,104,50,50,120,50,50,63,50,298"/>
</channel>
