<?xml version="1.0" encoding="UTF-8"?>

<channel name="xfce4-desktop" version="1.0">
  <property name="backdrop" type="empty">
    <property name="screen0" type="empty">
      <property name="monitorVNC-0" type="empty">
        <property name="workspace0" type="empty">
          <property name="color-style" type="int" value="0"/>
          <property name="image-style" type="int" value="5"/>
          <property name="last-image" type="string" value="/data/data/com.termux/files/usr/share/backgrounds/xfce/wave-color.png"/>
        </property>
        <property name="workspace1" type="empty">
          <property name="color-style" type="int" value="0"/>
          <property name="image-style" type="int" value="5"/>
          <property name="last-image" type="string" value="/data/data/com.termux/files/usr/share/backgrounds/xfce/xfce-verticals.png"/>
        </property>
        <property name="workspace2" type="empty">
          <property name="color-style" type="int" value="0"/>
          <property name="image-style" type="int" value="5"/>
          <property name="last-image" type="string" value="/data/data/com.termux/files/usr/share/backgrounds/xfce/xfce-verticals.png"/>
        </property>
        <property name="workspace3" type="empty">
          <property name="color-style" type="int" value="0"/>
          <property name="image-style" type="int" value="5"/>
          <property name="last-image" type="string" value="/data/data/com.termux/files/usr/share/backgrounds/xfce/xfce-verticals.png"/>
        </property>
      </property>
      <property name="monitor0" type="empty">
        <property name="image-path" type="string" value="/data/data/com.termux/files/home/termux-builder/termux_pkg/data/data/com.termux/files/usr/share/backgrounds/xfce/sabila.jpg"/>
        <property name="image-show" type="bool" value="true"/>
        <property name="image-style" type="int" value="0"/>
      </property>
      <property name="monitorXWAYLAND0" type="empty">
        <property name="workspace0" type="empty">
          <property name="color-style" type="int" value="0"/>
          <property name="image-style" type="int" value="3"/>
          <property name="last-image" type="string" value="/data/data/com.termux/files/usr/share/backgrounds/xfce/android-teal.jpg"/>
        </property>
        <property name="workspace1" type="empty">
          <property name="color-style" type="int" value="0"/>
          <property name="image-style" type="int" value="3"/>
          <property name="last-image" type="string" value="/data/data/com.termux/files/home/termux-builder/termux_pkg/data/data/com.termux/files/usr/share/backgrounds/xfce/sabila.jpg"/>
        </property>
      </property>
    </property>
  </property>
  <property name="last" type="empty">
    <property name="window-width" type="int" value="661"/>
    <property name="window-height" type="int" value="600"/>
  </property>
  <property name="desktop-icons" type="empty">
    <property name="file-icons" type="empty">
      <property name="show-removable" type="bool" value="false"/>
      <property name="show-trash" type="bool" value="false"/>
      <property name="show-filesystem" type="bool" value="false"/>
    </property>
  </property>
</channel>
