<?xml version="1.0" encoding="UTF-8"?>

<channel name="xfce4-notifyd" version="1.0">
  <property name="primary-monitor" type="uint" value="0"/>
  <property name="notify-location" type="uint" value="3"/>
  <property name="log-level" type="uint" value="0"/>
  <property name="log-level-apps" type="uint" value="0"/>
  <property name="do-slideout" type="bool" value="true"/>
  <property name="applications" type="empty">
    <property name="known_applications" type="array">
      <value type="string" value="Xfce4-notifyd settings"/>
    </property>
  </property>
  <property name="do-not-disturb" type="bool" value="false"/>
  <property name="theme" type="string" value="Default"/>
  <property name="initial-opacity" type="double" value="1"/>
  <property name="log-max-size-enabled" type="bool" value="true"/>
  <property name="plugin" type="empty">
    <property name="log-display-limit" type="int" value="15"/>
    <property name="log-icon-size" type="int" value="18"/>
    <property name="hide-clear-prompt" type="bool" value="false"/>
    <property name="hide-on-read" type="bool" value="true"/>
  </property>
  <property name="date-time-format" type="int" value="0"/>
  <property name="date-time-custom-format" type="string" value="%a %H:%M:%S"/>
</channel>
