<?xml version="1.0" encoding="UTF-8"?>

<channel name="xfce4-panel" version="1.0">
  <property name="configver" type="int" value="2"/>
  <property name="panels" type="array">
    <value type="int" value="1"/>
    <property name="dark-mode" type="bool" value="true"/>
    <property name="panel-1" type="empty">
      <property name="position" type="string" value="p=6;x=640;y=17"/>
      <property name="length" type="uint" value="100"/>
      <property name="position-locked" type="bool" value="true"/>
      <property name="icon-size" type="uint" value="21"/>
      <property name="size" type="uint" value="32"/>
      <property name="plugin-ids" type="array">
        <value type="int" value="1"/>
        <value type="int" value="7"/>
        <value type="int" value="25"/>
        <value type="int" value="24"/>
        <value type="int" value="28"/>
        <value type="int" value="29"/>
        <value type="int" value="27"/>
        <value type="int" value="26"/>
        <value type="int" value="8"/>
        <value type="int" value="2"/>
        <value type="int" value="3"/>
        <value type="int" value="5"/>
        <value type="int" value="18"/>
        <value type="int" value="11"/>
        <value type="int" value="6"/>
        <value type="int" value="10"/>
        <value type="int" value="22"/>
        <value type="int" value="21"/>
        <value type="int" value="9"/>
        <value type="int" value="16"/>
        <value type="int" value="12"/>
        <value type="int" value="17"/>
        <value type="int" value="23"/>
        <value type="int" value="13"/>
      </property>
      <property name="background-style" type="uint" value="0"/>
      <property name="background-rgba" type="array">
        <value type="double" value="0"/>
        <value type="double" value="0"/>
        <value type="double" value="0"/>
        <value type="double" value="1"/>
      </property>
      <property name="enable-struts" type="bool" value="true"/>
      <property name="length-adjust" type="bool" value="true"/>
    </property>
  </property>
  <property name="plugins" type="empty">
    <property name="plugin-3" type="string" value="separator">
      <property name="expand" type="bool" value="true"/>
      <property name="style" type="uint" value="0"/>
    </property>
    <property name="plugin-5" type="string" value="separator">
      <property name="style" type="uint" value="0"/>
    </property>
    <property name="plugin-6" type="string" value="systray">
      <property name="square-icons" type="bool" value="true"/>
    </property>
    <property name="plugin-10" type="string" value="notification-plugin"/>
    <property name="plugin-11" type="string" value="separator">
      <property name="style" type="uint" value="0"/>
    </property>
    <property name="plugin-12" type="string" value="clock">
      <property name="digital-format" type="string" value="%I:%M %p"/>
      <property name="digital-time-format" type="string" value="%T"/>
      <property name="digital-layout" type="uint" value="0"/>
      <property name="mode" type="uint" value="2"/>
      <property name="tooltip-format" type="string" value="%x"/>
      <property name="digital-time-font" type="string" value="Sans Bold 8"/>
    </property>
    <property name="plugin-13" type="string" value="separator">
      <property name="style" type="uint" value="0"/>
    </property>
    <property name="plugin-1" type="string" value="whiskermenu"/>
    <property name="plugin-7" type="string" value="separator">
      <property name="style" type="uint" value="0"/>
    </property>
    <property name="plugin-8" type="string" value="separator">
      <property name="style" type="uint" value="0"/>
    </property>
    <property name="plugin-9" type="string" value="separator">
      <property name="style" type="uint" value="0"/>
    </property>
    <property name="plugin-16" type="string" value="separator">
      <property name="style" type="uint" value="0"/>
    </property>
    <property name="plugin-17" type="string" value="separator">
      <property name="style" type="uint" value="0"/>
    </property>
    <property name="plugin-18" type="string" value="separator">
      <property name="style" type="uint" value="0"/>
    </property>
    <property name="plugin-21" type="string" value="launcher">
      <property name="items" type="array">
        <value type="string" value="01638927955.desktop"/>
      </property>
    </property>
    <property name="plugin-22" type="string" value="launcher">
      <property name="items" type="array">
        <value type="string" value="01638928076.desktop"/>
      </property>
    </property>
    <property name="plugin-23" type="string" value="separator">
      <property name="style" type="uint" value="0"/>
    </property>
    <property name="plugin-2" type="string" value="tasklist">
      <property name="include-all-monitors" type="bool" value="false"/>
      <property name="show-labels" type="bool" value="false"/>
    </property>
    <property name="plugin-24" type="string" value="launcher">
      <property name="items" type="array">
        <value type="string" value="01639016317.desktop"/>
      </property>
    </property>
    <property name="plugin-25" type="string" value="launcher">
      <property name="items" type="array">
        <value type="string" value="01639072228.desktop"/>
      </property>
    </property>
    <property name="plugin-26" type="string" value="launcher">
      <property name="items" type="array">
        <value type="string" value="01639016343.desktop"/>
      </property>
    </property>
    <property name="plugin-27" type="string" value="launcher">
      <property name="items" type="array">
        <value type="string" value="01639016329.desktop"/>
      </property>
    </property>
    <property name="plugin-28" type="string" value="launcher">
      <property name="items" type="array">
        <value type="string" value="01639016372.desktop"/>
      </property>
    </property>
    <property name="plugin-29" type="string" value="launcher">
      <property name="items" type="array">
        <value type="string" value="01639016392.desktop"/>
      </property>
    </property>
    <property name="clipman" type="empty">
      <property name="tweaks" type="empty">
        <property name="paste-on-activate" type="uint" value="1"/>
      </property>
      <property name="settings" type="empty">
        <property name="save-on-quit" type="bool" value="false"/>
      </property>
    </property>
  </property>
</channel>
