<?xml version="1.0" encoding="UTF-8"?>

<channel name="xfce4-desktop" version="1.0">
  <property name="backdrop" type="empty">
    <property name="screen0" type="empty">
      <property name="monitor0" type="empty">
        <property name="brightness" type="empty"/>
        <property name="color1" type="empty"/>
        <property name="color2" type="empty"/>
        <property name="color-style" type="empty"/>
        <property name="image-path" type="empty"/>
        <property name="image-show" type="empty"/>
        <property name="last-image" type="empty"/>
        <property name="last-single-image" type="empty"/>
        <property name="image-style" type="empty"/>
      </property>
      <property name="monitor1" type="empty">
        <property name="brightness" type="empty"/>
        <property name="color1" type="empty"/>
        <property name="color2" type="empty"/>
        <property name="color-style" type="empty"/>
        <property name="image-path" type="empty"/>
        <property name="image-show" type="empty"/>
        <property name="last-image" type="empty"/>
        <property name="last-single-image" type="empty"/>
        <property name="image-style" type="empty"/>
      </property>
      <property name="monitor2" type="empty">
        <property name="image-path" type="empty"/>
        <property name="image-style" type="empty"/>
        <property name="image-show" type="empty"/>
      </property>
      <property name="monitor3" type="empty">
        <property name="image-path" type="empty"/>
        <property name="image-style" type="empty"/>
        <property name="image-show" type="empty"/>
      </property>
      <property name="monitor4" type="empty">
        <property name="image-path" type="empty"/>
        <property name="image-style" type="empty"/>
        <property name="image-show" type="empty"/>
      </property>
      <property name="monitorVNC-0" type="empty">
        <property name="workspace0" type="empty">
          <property name="color-style" type="int" value="1"/>
          <property name="image-style" type="int" value="5"/>
          <property name="last-image" type="string" value="/data/data/com.termux/files/usr/share/backgrounds/xfce/kali-red-sticker.jpg"/>
          <property name="backdrop-cycle-enable" type="bool" value="true"/>
        </property>
        <property name="workspace1" type="empty">
          <property name="color-style" type="int" value="1"/>
          <property name="image-style" type="int" value="5"/>
          <property name="last-image" type="string" value="/data/data/com.termux/files/share/backgrounds/kali-16x9/default"/>
        </property>
        <property name="workspace2" type="empty">
          <property name="color-style" type="int" value="1"/>
          <property name="image-style" type="int" value="5"/>
          <property name="last-image" type="string" value="/data/data/com.termux/files/share/backgrounds/kali-16x9/default"/>
        </property>
        <property name="workspace3" type="empty">
          <property name="color-style" type="int" value="1"/>
          <property name="image-style" type="int" value="5"/>
          <property name="last-image" type="string" value="/data/data/com.termux/files/share/backgrounds/kali-16x9/default"/>
        </property>
      </property>
    </property>
  </property>
  <property name="desktop-icons" type="empty">
    <property name="style" type="empty"/>
    <property name="file-icons" type="empty">
      <property name="show-home" type="empty"/>
      <property name="show-filesystem" type="empty"/>
      <property name="show-removable" type="empty"/>
      <property name="show-trash" type="empty"/>
    </property>
    <property name="icon-size" type="empty"/>
    <property name="tooltip-size" type="empty"/>
  </property>
  <property name="last" type="empty">
    <property name="window-width" type="int" value="666"/>
    <property name="window-height" type="int" value="544"/>
  </property>
</channel>
